disease_name,symptom_name,frequency_count,symptom_rank
hypertensive disease,pain chest,3363,1
hypertensive disease,shortness of breath,3363,2
hypertensive disease,dizziness,3363,3
hypertensive disease,asthenia,3363,4
hypertensive disease,fall,3363,5
hypertensive disease,syncope,3363,6
hypertensive disease,vertigo,3363,7
hypertensive disease,sweating increased,3363,8
hypertensive disease,palpitation,3363,9
hypertensive disease,nausea,3363,10
hypertensive disease,angina pectoris,3363,11
hypertensive disease,pressure chest,3363,12
diabetes,polyuria,1421,1
diabetes,polydypsia,1421,2
diabetes,shortness of breath,1421,3
diabetes,pain chest,1421,4
diabetes,asthenia,1421,5
diabetes,nausea,1421,6
diabetes,orthopnea,1421,7
diabetes,rale,1421,8
diabetes,sweating increased,1421,9
diabetes,unresponsiveness,1421,10
diabetes,mental status changes,1421,11
diabetes,vertigo,1421,12
diabetes,vomiting,1421,13
diabetes,labored breathing,1421,14
depressive disorder,feeling suicidal,1337,1
depressive disorder,suicidal,1337,2
depressive disorder,hallucinations auditory,1337,3
depressive disorder,feeling hopeless,1337,4
depressive disorder,weepiness,1337,5
depressive disorder,sleeplessness,1337,6
depressive disorder,motor retardation,1337,7
depressive disorder,irritable mood,1337,8
depressive disorder,blackout,1337,9
depressive disorder,mood depressed,1337,10
depressive disorder,hallucinations visual,1337,11
depressive disorder,worry,1337,12
depressive disorder,agitation,1337,13
depressive disorder,tremor,1337,14
depressive disorder,intoxication,1337,15
depressive disorder,verbal auditory hallucinations,1337,16
depressive disorder,energy increased,1337,17
depressive disorder,difficulty,1337,18
depressive disorder,nightmare,1337,19
depressive disorder,unable to concentrate,1337,20
depressive disorder,homelessness,1337,21
coronary heart disease,pain chest,1284,1
coronary heart disease,angina pectoris,1284,2
coronary heart disease,shortness of breath,1284,3
coronary heart disease,hypokinesia,1284,4
coronary heart disease,sweating increased,1284,5
coronary heart disease,pressure chest,1284,6
coronary heart disease,dyspnea on exertion,1284,7
coronary heart disease,orthopnea,1284,8
coronary heart disease,chest tightness,1284,9
pneumonia,cough,1029,1
pneumonia,fever,1029,2
pneumonia,decreased translucency,1029,3
pneumonia,shortness of breath,1029,4
pneumonia,rale,1029,5
pneumonia,productive cough,1029,6
pneumonia,pleuritic pain,1029,7
pneumonia,yellow sputum,1029,8
pneumonia,breath sounds decreased,1029,9
pneumonia,chill,1029,10
pneumonia,rhonchus,1029,11
pneumonia,green sputum,1029,12
pneumonia,non-productive cough,1029,13
pneumonia,wheezing,1029,14
pneumonia,haemoptysis,1029,15
pneumonia,distress respiratory,1029,16
pneumonia,tachypnea,1029,17
pneumonia,malaise,1029,18
pneumonia,night sweat,1029,19
failure heart congestive,shortness of breath,963,1
failure heart congestive,orthopnea,963,2
failure heart congestive,jugular venous distention,963,3
failure heart congestive,rale,963,4
failure heart congestive,dyspnea,963,5
failure heart congestive,cough,963,6
failure heart congestive,wheezing,963,7
accident cerebrovascular,dysarthria,885,1
accident cerebrovascular,asthenia,885,2
accident cerebrovascular,speech slurred,885,3
accident cerebrovascular,facial paresis,885,4
accident cerebrovascular,hemiplegia,885,5
accident cerebrovascular,unresponsiveness,885,6
accident cerebrovascular,seizure,885,7
accident cerebrovascular,numbness,885,8
asthma,wheezing,835,1
asthma,cough,835,2
asthma,shortness of breath,835,3
asthma,chest tightness,835,4
asthma,non-productive cough,835,5
asthma,pleuritic pain,835,6
asthma,productive cough,835,7
asthma,symptom aggravating factors,835,8
asthma,distress respiratory,835,9
myocardial infarction,pain chest,759,1
myocardial infarction,st segment elevation,759,2
myocardial infarction,sweating increased,759,3
myocardial infarction,shortness of breath,759,4
myocardial infarction,st segment depression,759,5
myocardial infarction,hypokinesia,759,6
myocardial infarction,angina pectoris,759,7
myocardial infarction,pressure chest,759,8
myocardial infarction,t wave inverted,759,9
myocardial infarction,orthopnea,759,10
myocardial infarction,rale,759,11
myocardial infarction,chest tightness,759,12
myocardial infarction,presence of q wave,759,13
myocardial infarction,palpitation,759,14
myocardial infarction,dyspnea,759,15
myocardial infarction,chest discomfort,759,16
myocardial infarction,bradycardia,759,17
myocardial infarction,syncope,759,18
hypercholesterolemia,pain,685,1
hypercholesterolemia,pain chest,685,2
hypercholesterolemia,sweating increased,685,3
hypercholesterolemia,nonsmoker,685,4
hypercholesterolemia,pressure chest,685,5
hypercholesterolemia,syncope,685,6
hypercholesterolemia,numbness,685,7
hypercholesterolemia,chest discomfort,685,8
hypercholesterolemia,shortness of breath,685,9
hypercholesterolemia,st segment depression,685,10
hypercholesterolemia,worry,685,11
hypercholesterolemia,t wave inverted,685,12
hypercholesterolemia,bradycardia,685,13
hypercholesterolemia,dyspnea,685,14
infection,fever,630,1
infection,erythema,630,2
infection,decreased translucency,630,3
infection,hepatosplenomegaly,630,4
infection,chill,630,5
infection,pruritus,630,6
infection,diarrhea,630,7
infection,abscess bacterial,630,8
infection,swelling,630,9
infection,pain,630,10
infection,apyrexial,630,11
infection,cough,630,12
infection urinary tract,fever,597,1
infection urinary tract,dysuria,597,2
infection urinary tract,hematuria,597,3
infection urinary tract,renal angle tenderness,597,4
infection urinary tract,lethargy,597,5
infection urinary tract,asthenia,597,6
infection urinary tract,hyponatremia,597,7
infection urinary tract,hemodynamically stable,597,8
infection urinary tract,distress respiratory,597,9
infection urinary tract,difficulty passing urine,597,10
infection urinary tract,mental status changes,597,11
infection urinary tract,consciousness clear,597,12
anemia,chill,544,1
anemia,guaiac positive,544,2
anemia,monoclonal,544,3
anemia,ecchymosis,544,4
anemia,tumor cell invasion,544,5
anemia,haemorrhage,544,6
anemia,pallor,544,7
anemia,asthenia,544,8
anemia,fatigue,544,9
anemia,heme positive,544,10
anemia,pain back,544,11
anemia,orthostasis,544,12
anemia,hyponatremia,544,13
anemia,dizziness,544,14
anemia,shortness of breath,544,15
anemia,pain,544,16
anemia,rhonchus,544,17
anemia,arthralgia,544,18
anemia,swelling,544,19
anemia,transaminitis,544,20
chronic obstructive airway disease,shortness of breath,524,1
chronic obstructive airway disease,wheezing,524,2
chronic obstructive airway disease,cough,524,3
chronic obstructive airway disease,dyspnea,524,4
chronic obstructive airway disease,distress respiratory,524,5
chronic obstructive airway disease,sputum purulent,524,6
chronic obstructive airway disease,hypoxemia,524,7
chronic obstructive airway disease,hypercapnia,524,8
chronic obstructive airway disease,patient non compliance,524,9
chronic obstructive airway disease,chest tightness,524,10
dementia,fever,504,1
dementia,fall,504,2
dementia,unresponsiveness,504,3
dementia,lethargy,504,4
dementia,agitation,504,5
dementia,ecchymosis,504,6
dementia,syncope,504,7
dementia,rale,504,8
dementia,unconscious state,504,9
dementia,cough,504,10
dementia,bedridden,504,11
dementia,pain,504,12
dementia,facial paresis,504,13
dementia,abdominal tenderness,504,14
dementia,rhonchus,504,15
dementia,unsteady gait,504,16
dementia,hallucinations auditory,504,17
insufficiency renal,shortness of breath,445,1
insufficiency renal,hyperkalemia,445,2
insufficiency renal,orthopnea,445,3
insufficiency renal,rale,445,4
insufficiency renal,urgency of micturition,445,5
insufficiency renal,ascites,445,6
insufficiency renal,guaiac positive,445,7
insufficiency renal,asthenia,445,8
insufficiency renal,apyrexial,445,9
insufficiency renal,mental status changes,445,10
insufficiency renal,dyspnea,445,11
insufficiency renal,difficulty,445,12
insufficiency renal,diarrhea,445,13
insufficiency renal,hypotension,445,14
insufficiency renal,breath sounds decreased,445,15
insufficiency renal,swelling,445,16
insufficiency renal,hypokinesia,445,17
confusion,seizure,408,1
confusion,enuresis,408,2
confusion,lethargy,408,3
confusion,speech slurred,408,4
confusion,fall,408,5
confusion,consciousness clear,408,6
confusion,mental status changes,408,7
confusion,asterixis,408,8
confusion,unconscious state,408,9
confusion,agitation,408,10
confusion,muscle twitch,408,11
confusion,asthenia,408,12
confusion,sleepy,408,13
confusion,dizziness,408,14
confusion,headache,408,15
confusion,dysarthria,408,16
confusion,lightheadedness,408,17
confusion,tremor,408,18
confusion,hyponatremia,408,19
confusion,unresponsiveness,408,20
degenerative polyarthritis,pain,405,1
degenerative polyarthritis,food intolerance,405,2
degenerative polyarthritis,numbness of hand,405,3
degenerative polyarthritis,general discomfort,405,4
degenerative polyarthritis,drowsiness,405,5
degenerative polyarthritis,asthenia,405,6
degenerative polyarthritis,nonsmoker,405,7
degenerative polyarthritis,non-productive cough,405,8
degenerative polyarthritis,polydypsia,405,9
degenerative polyarthritis,stiffness,405,10
degenerative polyarthritis,unsteady gait,405,11
hypothyroidism,shortness of breath,398,1
hypothyroidism,prostatism,398,2
hypothyroidism,sleepy,398,3
hypothyroidism,hyponatremia,398,4
hypothyroidism,fall,398,5
hypothyroidism,unsteady gait,398,6
hypothyroidism,polyuria,398,7
hypothyroidism,hypotension,398,8
hypothyroidism,difficulty,398,9
hypothyroidism,syncope,398,10
hypothyroidism,nightmare,398,11
hypothyroidism,speech slurred,398,12
hypothyroidism,weight gain,398,13
hypothyroidism,asthenia,398,14
hypothyroidism,tired,398,15
hypothyroidism,agitation,398,16
hypothyroidism,mental status changes,398,17
hypothyroidism,motor retardation,398,18
hypothyroidism,vomiting,398,19
hypothyroidism,numbness,398,20
hypothyroidism,mass of body structure,398,21
anxiety state,worry,390,1
anxiety state,feeling suicidal,390,2
anxiety state,suicidal,390,3
anxiety state,sleeplessness,390,4
anxiety state,feeling hopeless,390,5
anxiety state,irritable mood,390,6
anxiety state,tremor,390,7
anxiety state,blackout,390,8
anxiety state,weepiness,390,9
anxiety state,has religious belief,390,10
anxiety state,nervousness,390,11
anxiety state,hallucinations visual,390,12
anxiety state,formication,390,13
anxiety state,difficulty,390,14
anxiety state,pain chest,390,15
anxiety state,patient non compliance,390,16
anxiety state,agitation,390,17
anxiety state,palpitation,390,18
anxiety state,hallucinations auditory,390,19
anxiety state,mood depressed,390,20
anxiety state,hot flush,390,21
anxiety state,pain,390,22
anxiety state,consciousness clear,390,23
anxiety state,nightmare,390,24
primary malignant neoplasm,pain,354,1
primary malignant neoplasm,mass of body structure,354,2
primary malignant neoplasm,lesion,354,3
primary malignant neoplasm,cushingoid habitus,354,4
primary malignant neoplasm,emphysematous change,354,5
primary malignant neoplasm,decreased body weight,354,6
primary malignant neoplasm,ascites,354,7
primary malignant neoplasm,hoarseness,354,8
primary malignant neoplasm,thicken,354,9
primary malignant neoplasm,hematuria,354,10
hiv infections,fever,350,1
hiv infections,night sweat,350,2
hiv infections,spontaneous rupture of membranes,350,3
hiv infections,cough,350,4
hiv infections,C0032739,350,5
hiv infections,decreased body weight,350,6
hiv infections,chill,350,7
hiv infections,diarrhea,350,8
hiv infections,pleuritic pain,350,9
hiv infections,patient non compliance,350,10
hiv infections,tachypnea,350,11
hiv infections,productive cough,350,12
hiv infections,hypotonic,350,13
hiv infections,feeling suicidal,350,14
cellulitis,erythema,341,1
cellulitis,pain,341,2
cellulitis,swelling,341,3
cellulitis,redness,341,4
cellulitis,fever,341,5
cellulitis,abscess bacterial,341,6
cellulitis,patient non compliance,341,7
cellulitis,hypesthesia,341,8
cellulitis,hyperacusis,341,9
cellulitis,pruritus,341,10
cellulitis,pain chest,341,11
cellulitis,scratch marks,341,12
cellulitis,chill,341,13
cellulitis,sore to touch,341,14
gastroesophageal reflux disease,pain,325,1
gastroesophageal reflux disease,pain chest,325,2
gastroesophageal reflux disease,burning sensation,325,3
gastroesophageal reflux disease,hyponatremia,325,4
gastroesophageal reflux disease,satiety early,325,5
gastroesophageal reflux disease,throbbing sensation quality,325,6
gastroesophageal reflux disease,chest tightness,325,7
gastroesophageal reflux disease,sensory discomfort,325,8
gastroesophageal reflux disease,presence of q wave,325,9
gastroesophageal reflux disease,nausea,325,10
gastroesophageal reflux disease,general discomfort,325,11
gastroesophageal reflux disease,constipation,325,12
gastroesophageal reflux disease,palpitation,325,13
gastroesophageal reflux disease,pain abdominal,325,14
gastroesophageal reflux disease,heartburn,325,15
gastroesophageal reflux disease,sweating increased,325,16
gastroesophageal reflux disease,asthenia,325,17
sepsis (invertebrate),fever,311,1
sepsis (invertebrate),distress respiratory,311,2
sepsis (invertebrate),hypotension,311,3
sepsis (invertebrate),tachypnea,311,4
sepsis (invertebrate),chill,311,5
sepsis (invertebrate),lethargy,311,6
sepsis (invertebrate),bradycardia,311,7
sepsis (invertebrate),breech presentation,311,8
sepsis (invertebrate),cyanosis,311,9
sepsis (invertebrate),spontaneous rupture of membranes,311,10
sepsis (invertebrate),haemorrhage,311,11
sepsis (invertebrate),unresponsiveness,311,12
sepsis (invertebrate),rale,311,13
sepsis (invertebrate),apyrexial,311,14
deep vein thrombosis,swelling,310,1
deep vein thrombosis,pain,310,2
deep vein thrombosis,ecchymosis,310,3
deep vein thrombosis,shortness of breath,310,4
deep vein thrombosis,pain in lower limb,310,5
deep vein thrombosis,cardiomegaly,310,6
deep vein thrombosis,rale,310,7
deep vein thrombosis,erythema,310,8
deep vein thrombosis,hypotension,310,9
deep vein thrombosis,clonus,310,10
deep vein thrombosis,non-productive cough,310,11
deep vein thrombosis,redness,310,12
dehydration,fever,297,1
dehydration,diarrhea,297,2
dehydration,vomiting,297,3
dehydration,hypotension,297,4
dehydration,nausea,297,5
dehydration,lightheadedness,297,6
dehydration,unwell,297,7
dehydration,mental status changes,297,8
dehydration,anorexia,297,9
dehydration,asthenia,297,10
dehydration,sensory discomfort,297,11
dehydration,syncope,297,12
dehydration,lethargy,297,13
dehydration,dizziness,297,14
dehydration,history of - blackout,297,15
neoplasm,mass of body structure,297,1
neoplasm,lesion,297,2
neoplasm,pain chest,297,3
neoplasm,hematuria,297,4
neoplasm,tumor cell invasion,297,5
neoplasm,pain,297,6
neoplasm,anosmia,297,7
neoplasm,thicken,297,8
neoplasm,metastatic lesion,297,9
neoplasm,food intolerance,297,10
neoplasm,decreased body weight,297,11
neoplasm,night sweat,297,12
neoplasm,hemianopsia homonymous,297,13
neoplasm,satiety early,297,14
neoplasm,pain abdominal,297,15
neoplasm,headache,297,16
embolism pulmonary,shortness of breath,294,1
embolism pulmonary,hypoxemia,294,2
embolism pulmonary,tachypnea,294,3
embolism pulmonary,hematocrit decreased,294,4
embolism pulmonary,pain chest,294,5
embolism pulmonary,dyspnea,294,6
embolism pulmonary,pleuritic pain,294,7
embolism pulmonary,neck stiffness,294,8
embolism pulmonary,yellow sputum,294,9
embolism pulmonary,productive cough,294,10
embolism pulmonary,cicatrisation,294,11
embolism pulmonary,unresponsiveness,294,12
embolism pulmonary,distress respiratory,294,13
embolism pulmonary,wheezing,294,14
embolism pulmonary,apyrexial,294,15
embolism pulmonary,non-productive cough,294,16
epilepsy,seizure,290,1
epilepsy,hypometabolism,290,2
epilepsy,aura,290,3
epilepsy,muscle twitch,290,4
epilepsy,drowsiness,290,5
epilepsy,tremor,290,6
epilepsy,unresponsiveness,290,7
epilepsy,hemiplegia,290,8
epilepsy,myoclonus,290,9
epilepsy,gurgle,290,10
epilepsy,sleepy,290,11
epilepsy,lethargy,290,12
epilepsy,wheelchair bound,290,13
cardiomyopathy,shortness of breath,283,1
cardiomyopathy,orthopnea,283,2
cardiomyopathy,hypokinesia,283,3
cardiomyopathy,jugular venous distention,283,4
cardiomyopathy,palpitation,283,5
cardiomyopathy,pain chest,283,6
cardiomyopathy,syncope,283,7
cardiomyopathy,yellow sputum,283,8
cardiomyopathy,rale,283,9
cardiomyopathy,dyspnea,283,10
cardiomyopathy,dyspnea on exertion,283,11
cardiomyopathy,left atrial hypertrophy,283,12
cardiomyopathy,fatigue,283,13
cardiomyopathy,weight gain,283,14
cardiomyopathy,patient non compliance,283,15
chronic kidney failure,vomiting,280,1
chronic kidney failure,orthopnea,280,2
chronic kidney failure,hyperkalemia,280,3
chronic kidney failure,oliguria,280,4
chronic kidney failure,jugular venous distention,280,5
chronic kidney failure,nausea,280,6
chronic kidney failure,shortness of breath,280,7
chronic kidney failure,mental status changes,280,8
chronic kidney failure,diarrhea,280,9
chronic kidney failure,asthenia,280,10
chronic kidney failure,chest tightness,280,11
chronic kidney failure,malaise,280,12
chronic kidney failure,chill,280,13
chronic kidney failure,rale,280,14
chronic kidney failure,fever,280,15
chronic kidney failure,pleuritic pain,280,16
chronic kidney failure,apyrexial,280,17
chronic kidney failure,guaiac positive,280,18
chronic kidney failure,swelling,280,19
chronic kidney failure,catatonia,280,20
chronic kidney failure,unresponsiveness,280,21
chronic kidney failure,yellow sputum,280,22
carcinoma,mass of body structure,269,1
carcinoma,pain,269,2
carcinoma,lesion,269,3
carcinoma,tumor cell invasion,269,4
carcinoma,thicken,269,5
carcinoma,decreased body weight,269,6
carcinoma,hoarseness,269,7
carcinoma,general discomfort,269,8
carcinoma,metastatic lesion,269,9
carcinoma,non-productive cough,269,10
carcinoma,constipation,269,11
carcinoma,unhappy,269,12
carcinoma,paresthesia,269,13
carcinoma,gravida 0,269,14
carcinoma,diarrhea,269,15
carcinoma,sore to touch,269,16
carcinoma,heartburn,269,17
carcinoma,nausea,269,18
carcinoma,lung nodule,269,19
hepatitis C,ascites,269,1
hepatitis C,distended abdomen,269,2
hepatitis C,feeling suicidal,269,3
hepatitis C,cough,269,4
hepatitis C,ache,269,5
hepatitis C,macerated skin,269,6
hepatitis C,heavy feeling,269,7
hepatitis C,hallucinations auditory,269,8
hepatitis C,chill,269,9
hepatitis C,asterixis,269,10
hepatitis C,patient non compliance,269,11
peripheral vascular disease,shortness of breath,268,1
peripheral vascular disease,rest pain,268,2
peripheral vascular disease,angina pectoris,268,3
peripheral vascular disease,unresponsiveness,268,4
peripheral vascular disease,hyperkalemia,268,5
peripheral vascular disease,sinus rhythm,268,6
peripheral vascular disease,labored breathing,268,7
peripheral vascular disease,dyspnea,268,8
peripheral vascular disease,sore to touch,268,9
peripheral vascular disease,anorexia,268,10
peripheral vascular disease,sleepy,268,11
psychotic disorder,suicidal,267,1
psychotic disorder,hallucinations auditory,267,2
psychotic disorder,feeling suicidal,267,3
psychotic disorder,hallucinations visual,267,4
psychotic disorder,motor retardation,267,5
psychotic disorder,blackout,267,6
psychotic disorder,verbal auditory hallucinations,267,7
psychotic disorder,feeling hopeless,267,8
psychotic disorder,irritable mood,267,9
psychotic disorder,agitation,267,10
psychotic disorder,tremor,267,11
psychotic disorder,catatonia,267,12
psychotic disorder,weepiness,267,13
psychotic disorder,homelessness,267,14
psychotic disorder,sleeplessness,267,15
psychotic disorder,withdraw,267,16
psychotic disorder,energy increased,267,17
psychotic disorder,intoxication,267,18
psychotic disorder,worry,267,19
psychotic disorder,behavior hyperactive,267,20
psychotic disorder,patient non compliance,267,21
psychotic disorder,mood depressed,267,22
psychotic disorder,terrify,267,23
psychotic disorder,nightmare,267,24
psychotic disorder,consciousness clear,267,25
hyperlipidemia,pain chest,247,1
hyperlipidemia,angina pectoris,247,2
hyperlipidemia,palpitation,247,3
hyperlipidemia,presence of q wave,247,4
hyperlipidemia,photopsia,247,5
hyperlipidemia,sweating increased,247,6
hyperlipidemia,chest discomfort,247,7
hyperlipidemia,shortness of breath,247,8
hyperlipidemia,giddy mood,247,9
hyperlipidemia,hypokinesia,247,10
hyperlipidemia,hemiplegia,247,11
hyperlipidemia,dizziness,247,12
bipolar disorder,feeling suicidal,241,1
bipolar disorder,energy increased,241,2
bipolar disorder,suicidal,241,3
bipolar disorder,irritable mood,241,4
bipolar disorder,agitation,241,5
bipolar disorder,has religious belief,241,6
bipolar disorder,disturbed family,241,7
bipolar disorder,hallucinations auditory,241,8
bipolar disorder,verbal auditory hallucinations,241,9
bipolar disorder,weepiness,241,10
bipolar disorder,behavior hyperactive,241,11
bipolar disorder,catatonia,241,12
bipolar disorder,feeling hopeless,241,13
bipolar disorder,worry,241,14
bipolar disorder,sleeplessness,241,15
bipolar disorder,hypersomnia,241,16
bipolar disorder,difficulty,241,17
bipolar disorder,hallucinations visual,241,18
bipolar disorder,hyperhidrosis disorder,241,19
bipolar disorder,mydriasis,241,20
bipolar disorder,extrapyramidal sign,241,21
bipolar disorder,loose associations,241,22
bipolar disorder,intoxication,241,23
bipolar disorder,motor retardation,241,24
bipolar disorder,homelessness,241,25
bipolar disorder,blackout,241,26
bipolar disorder,tremor,241,27
bipolar disorder,exhaustion,241,28
obesity,pain,228,1
obesity,catatonia,228,2
obesity,snore,228,3
obesity,pain chest,228,4
obesity,r wave feature,228,5
obesity,has religious belief,228,6
obesity,shortness of breath,228,7
obesity,tired,228,8
obesity,overweight,228,9
obesity,systolic murmur,228,10
obesity,mood depressed,228,11
obesity,ecchymosis,228,12
ischemia,sleepy,226,1
ischemia,pain chest,226,2
ischemia,angina pectoris,226,3
ischemia,pressure chest,226,4
ischemia,chest discomfort,226,5
ischemia,shortness of breath,226,6
ischemia,dyspnea,226,7
ischemia,sinus rhythm,226,8
ischemia,bradycardia,226,9
ischemia,sweating increased,226,10
ischemia,rale,226,11
ischemia,asymptomatic,226,12
ischemia,anorexia,226,13
cirrhosis,ascites,218,1
cirrhosis,fall,218,2
cirrhosis,splenomegaly,218,3
cirrhosis,pruritus,218,4
cirrhosis,pain abdominal,218,5
cirrhosis,tumor cell invasion,218,6
cirrhosis,distended abdomen,218,7
cirrhosis,lesion,218,8
cirrhosis,hemodynamically stable,218,9
cirrhosis,guaiac positive,218,10
cirrhosis,sore to touch,218,11
cirrhosis,bleeding of vagina,218,12
exanthema,fever,208,1
exanthema,pruritus,208,2
exanthema,macule,208,3
exanthema,lesion,208,4
exanthema,redness,208,5
exanthema,headache,208,6
exanthema,apyrexial,208,7
exanthema,arthralgia,208,8
exanthema,swelling,208,9
exanthema,erythema,208,10
exanthema,photophobia,208,11
exanthema,chill,208,12
exanthema,scratch marks,208,13
exanthema,pain,208,14
exanthema,painful swallowing,208,15
benign prostatic hypertrophy,mental status changes,192,1
benign prostatic hypertrophy,cachexia,192,2
benign prostatic hypertrophy,blackout,192,3
benign prostatic hypertrophy,orthostasis,192,4
benign prostatic hypertrophy,orthopnea,192,5
benign prostatic hypertrophy,night sweat,192,6
benign prostatic hypertrophy,distress respiratory,192,7
benign prostatic hypertrophy,anorexia,192,8
benign prostatic hypertrophy,dysarthria,192,9
kidney failure acute,hyperkalemia,186,1
kidney failure acute,hypotension,186,2
kidney failure acute,hypocalcemia result,186,3
kidney failure acute,oliguria,186,4
kidney failure acute,hemodynamically stable,186,5
kidney failure acute,asthenia,186,6
kidney failure acute,"hypothermia, natural",186,7
kidney failure acute,diarrhea,186,8
kidney failure acute,haemorrhage,186,9
kidney failure acute,unresponsiveness,186,10
mitral valve insufficiency,shortness of breath,186,1
mitral valve insufficiency,dyspnea on exertion,186,2
mitral valve insufficiency,asymptomatic,186,3
mitral valve insufficiency,hypokinesia,186,4
mitral valve insufficiency,dyspnea,186,5
mitral valve insufficiency,syncope,186,6
mitral valve insufficiency,thicken,186,7
mitral valve insufficiency,left atrial hypertrophy,186,8
mitral valve insufficiency,palpitation,186,9
mitral valve insufficiency,fatigue,186,10
mitral valve insufficiency,vomiting,186,11
mitral valve insufficiency,pain,186,12
mitral valve insufficiency,cardiomegaly,186,13
mitral valve insufficiency,chest discomfort,186,14
arthritis,pain,179,1
arthritis,hemodynamically stable,179,2
arthritis,sleeplessness,179,3
arthritis,asthenia,179,4
arthritis,syncope,179,5
arthritis,swelling,179,6
arthritis,atypia,179,7
arthritis,general unsteadiness,179,8
arthritis,shortness of breath,179,9
arthritis,distended abdomen,179,10
bronchitis,cough,172,1
bronchitis,wheezing,172,2
bronchitis,shortness of breath,172,3
bronchitis,chest tightness,172,4
bronchitis,fever,172,5
bronchitis,throat sore,172,6
bronchitis,productive cough,172,7
bronchitis,hepatosplenomegaly,172,8
bronchitis,night sweat,172,9
bronchitis,haemoptysis,172,10
bronchitis,labored breathing,172,11
bronchitis,snuffle,172,12
bronchitis,hacking cough,172,13
bronchitis,dyspnea,172,14
bronchitis,chill,172,15
bronchitis,stridor,172,16
bronchitis,decreased body weight,172,17
hemiparesis,dysarthria,171,1
hemiparesis,paresis,171,2
hemiparesis,asthenia,171,3
hemiparesis,aphagia,171,4
hemiparesis,seizure,171,5
hemiparesis,speech slurred,171,6
hemiparesis,focal seizures,171,7
hemiparesis,hemiplegia,171,8
hemiparesis,abnormal sensation,171,9
hemiparesis,unresponsiveness,171,10
hemiparesis,stupor,171,11
hemiparesis,sleepy,171,12
hemiparesis,fremitus,171,13
hemiparesis,Stahli's line,171,14
hemiparesis,stinging sensation,171,15
hemiparesis,paralyse,171,16
hemiparesis,clonus,171,17
hemiparesis,facial paresis,171,18
osteoporosis,prostatism,169,1
osteoporosis,fall,169,2
osteoporosis,hirsutism,169,3
osteoporosis,sniffle,169,4
osteoporosis,distended abdomen,169,5
osteoporosis,vertigo,169,6
osteoporosis,numbness of hand,169,7
osteoporosis,bradykinesia,169,8
osteoporosis,pain,169,9
osteoporosis,syncope,169,10
osteoporosis,out of breath,169,11
osteoporosis,apyrexial,169,12
osteoporosis,urge incontinence,169,13
osteoporosis,lightheadedness,169,14
transient ischemic attack,speech slurred,168,1
transient ischemic attack,dysarthria,168,2
transient ischemic attack,facial paresis,168,3
transient ischemic attack,asthenia,168,4
transient ischemic attack,neck stiffness,168,5
transient ischemic attack,vertigo,168,6
transient ischemic attack,numbness,168,7
transient ischemic attack,lightheadedness,168,8
transient ischemic attack,extrapyramidal sign,168,9
transient ischemic attack,Stahli's line,168,10
transient ischemic attack,vision blurred,168,11
transient ischemic attack,headache,168,12
transient ischemic attack,room spinning,168,13
transient ischemic attack,syncope,168,14
transient ischemic attack,difficulty,168,15
transient ischemic attack,rambling speech,168,16
transient ischemic attack,clumsiness,168,17
adenocarcinoma,mass of body structure,166,1
adenocarcinoma,lesion,166,2
adenocarcinoma,decreased body weight,166,3
adenocarcinoma,constipation,166,4
adenocarcinoma,fremitus,166,5
adenocarcinoma,decreased stool caliber,166,6
adenocarcinoma,satiety early,166,7
adenocarcinoma,hematochezia,166,8
adenocarcinoma,egophony,166,9
adenocarcinoma,pain,166,10
adenocarcinoma,scar tissue,166,11
adenocarcinoma,pain abdominal,166,12
paranoia,hallucinations auditory,165,1
paranoia,hallucinations visual,165,2
paranoia,agitation,165,3
paranoia,irritable mood,165,4
paranoia,verbal auditory hallucinations,165,5
paranoia,feeling suicidal,165,6
paranoia,suicidal,165,7
paranoia,terrify,165,8
paranoia,neologism,165,9
paranoia,homelessness,165,10
paranoia,energy increased,165,11
paranoia,mood depressed,165,12
paranoia,decompensation,165,13
paranoia,scar tissue,165,14
paranoia,blackout,165,15
paranoia,loose associations,165,16
pancreatitis,vomiting,165,1
pancreatitis,pain abdominal,165,2
pancreatitis,nausea,165,3
pancreatitis,pain,165,4
pancreatitis,diarrhea,165,5
pancreatitis,stool color yellow,165,6
pancreatitis,rigor - temperature-associated observation,165,7
pancreatitis,apyrexial,165,8
pancreatitis,sore to touch,165,9
incontinence,paraparesis,165,1
incontinence,seizure,165,2
incontinence,asthenia,165,3
incontinence,urge incontinence,165,4
incontinence,unconscious state,165,5
incontinence,aura,165,6
incontinence,moody,165,7
incontinence,fear of falling,165,8
incontinence,tremor,165,9
incontinence,spasm,165,10
incontinence,unhappy,165,11
incontinence,syncope,165,12
incontinence,fall,165,13
incontinence,stiffness,165,14
incontinence,unresponsiveness,165,15
paroxysmal dyspnea,orthopnea,165,1
paroxysmal dyspnea,shortness of breath,165,2
paroxysmal dyspnea,dyspnea on exertion,165,3
paroxysmal dyspnea,jugular venous distention,165,4
paroxysmal dyspnea,rale,165,5
paroxysmal dyspnea,pain chest,165,6
paroxysmal dyspnea,palpitation,165,7
paroxysmal dyspnea,sweating increased,165,8
paroxysmal dyspnea,weight gain,165,9
paroxysmal dyspnea,cough,165,10
paroxysmal dyspnea,dyspnea,165,11
hernia,pain abdominal,164,1
hernia,pain,164,2
hernia,hyperventilation,164,3
hernia,excruciating pain,164,4
hernia,gag,164,5
hernia,nausea,164,6
hernia,posturing,164,7
hernia,hemiplegia,164,8
hernia,sore to touch,164,9
hernia,haemorrhage,164,10
hernia,apyrexial,164,11
hernia,food intolerance,164,12
hernia,pulse absent,164,13
hernia,asthenia,164,14
hernia,mass of body structure,164,15
hernia,thicken,164,16
carcinoma prostate,hematuria,163,1
carcinoma prostate,dysesthesia,163,2
carcinoma prostate,asthenia,163,3
carcinoma prostate,polymyalgia,163,4
carcinoma prostate,passed stones,163,5
carcinoma prostate,pleuritic pain,163,6
carcinoma prostate,guaiac positive,163,7
carcinoma prostate,rale,163,8
carcinoma prostate,breath sounds decreased,163,9
carcinoma prostate,urge incontinence,163,10
carcinoma prostate,dysuria,163,11
carcinoma prostate,diarrhea,163,12
carcinoma prostate,vertigo,163,13
carcinoma prostate,qt interval prolonged,163,14
carcinoma prostate,ataxia,163,15
carcinoma prostate,paresis,163,16
carcinoma prostate,hemianopsia homonymous,163,17
carcinoma prostate,tumor cell invasion,163,18
carcinoma prostate,hemodynamically stable,163,19
carcinoma prostate,mass of body structure,163,20
carcinoma prostate,rhonchus,163,21
carcinoma prostate,orthostasis,163,22
carcinoma prostate,decreased body weight,163,23
edema pulmonary,urgency of micturition,161,1
edema pulmonary,shortness of breath,161,2
edema pulmonary,rale,161,3
edema pulmonary,tachypnea,161,4
edema pulmonary,orthopnea,161,5
edema pulmonary,Heberden's node,161,6
edema pulmonary,jugular venous distention,161,7
edema pulmonary,dyspnea,161,8
edema pulmonary,sweating increased,161,9
edema pulmonary,patient non compliance,161,10
edema pulmonary,chest discomfort,161,11
edema pulmonary,hyperkalemia,161,12
edema pulmonary,sinus rhythm,161,13
edema pulmonary,pain chest,161,14
edema pulmonary,hypotension,161,15
edema pulmonary,wheezing,161,16
lymphatic diseases,pain,160,1
lymphatic diseases,mass of body structure,160,2
lymphatic diseases,night sweat,160,3
lymphatic diseases,splenomegaly,160,4
lymphatic diseases,lesion,160,5
lymphatic diseases,chill,160,6
lymphatic diseases,decreased body weight,160,7
lymphatic diseases,swelling,160,8
lymphatic diseases,fever,160,9
lymphatic diseases,hyperacusis,160,10
lymphatic diseases,fremitus,160,11
lymphatic diseases,non-productive cough,160,12
lymphatic diseases,egophony,160,13
lymphatic diseases,redness,160,14
lymphatic diseases,hepatomegaly,160,15
lymphatic diseases,fatigue,160,16
stenosis aortic valve,dyspnea on exertion,158,1
stenosis aortic valve,syncope,158,2
stenosis aortic valve,chest discomfort,158,3
stenosis aortic valve,systolic murmur,158,4
stenosis aortic valve,sciatica,158,5
stenosis aortic valve,angina pectoris,158,6
stenosis aortic valve,pain chest,158,7
stenosis aortic valve,frothy sputum,158,8
stenosis aortic valve,bradycardia,158,9
stenosis aortic valve,shortness of breath,158,10
stenosis aortic valve,pain,158,11
carcinoma breast,mass in breast,152,1
carcinoma breast,mass of body structure,152,2
carcinoma breast,paresthesia,152,3
carcinoma breast,retropulsion,152,4
carcinoma breast,erythema,152,5
carcinoma breast,difficulty,152,6
carcinoma breast,lesion,152,7
carcinoma breast,estrogen use,152,8
carcinoma breast,burning sensation,152,9
carcinoma breast,dyspnea,152,10
carcinoma breast,swelling,152,11
carcinoma breast,formication,152,12
schizophrenia,hallucinations auditory,147,1
schizophrenia,hypersomnolence,147,2
schizophrenia,irritable mood,147,3
schizophrenia,verbal auditory hallucinations,147,4
schizophrenia,patient non compliance,147,5
schizophrenia,agitation,147,6
schizophrenia,suicidal,147,7
schizophrenia,worry,147,8
schizophrenia,hallucinations visual,147,9
schizophrenia,underweight,147,10
schizophrenia,homelessness,147,11
diverticulitis,pain abdominal,145,1
diverticulitis,abscess bacterial,145,2
diverticulitis,dullness,145,3
diverticulitis,red blotches,145,4
diverticulitis,diarrhea,145,5
diverticulitis,sore to touch,145,6
diverticulitis,dysuria,145,7
diverticulitis,pain,145,8
diverticulitis,vomiting,145,9
diverticulitis,sinus rhythm,145,10
diverticulitis,colic abdominal,145,11
diverticulitis,apyrexial,145,12
diverticulitis,abdominal tenderness,145,13
diverticulitis,fever,145,14
diverticulitis,unsteady gait,145,15
diverticulitis,thicken,145,16
diverticulitis,urgency of micturition,145,17
diverticulitis,anorexia,145,18
diverticulitis,monoclonal,145,19
diverticulitis,constipation,145,20
overload fluid,rale,144,1
overload fluid,jugular venous distention,144,2
overload fluid,hyperkalemia,144,3
overload fluid,orthopnea,144,4
overload fluid,shortness of breath,144,5
overload fluid,sleepy,144,6
overload fluid,weight gain,144,7
overload fluid,hypokalemia,144,8
overload fluid,hypotension,144,9
overload fluid,swelling,144,10
overload fluid,distended abdomen,144,11
ulcer peptic,pain abdominal,143,1
ulcer peptic,paraparesis,143,2
ulcer peptic,nausea,143,3
ulcer peptic,vomiting,143,4
ulcer peptic,polymyalgia,143,5
ulcer peptic,out of breath,143,6
ulcer peptic,pain chest,143,7
ulcer peptic,hemiplegia,143,8
ulcer peptic,gurgle,143,9
ulcer peptic,hunger,143,10
ulcer peptic,apyrexial,143,11
ulcer peptic,nervousness,143,12
osteomyelitis,pain,142,1
osteomyelitis,redness,142,2
osteomyelitis,prostate tender,142,3
osteomyelitis,fever,142,4
osteomyelitis,difficulty passing urine,142,5
osteomyelitis,sore to touch,142,6
osteomyelitis,swelling,142,7
osteomyelitis,apyrexial,142,8
osteomyelitis,erythema,142,9
osteomyelitis,abscess bacterial,142,10
osteomyelitis,pain foot,142,11
osteomyelitis,urinary hesitation,142,12
gastritis,heme positive,140,1
gastritis,pain abdominal,140,2
gastritis,vomiting,140,3
gastritis,disequilibrium,140,4
gastritis,nausea,140,5
gastritis,intoxication,140,6
gastritis,haemorrhage,140,7
gastritis,guaiac positive,140,8
gastritis,pain,140,9
gastritis,decreased body weight,140,10
gastritis,sore to touch,140,11
gastritis,dizziness,140,12
bacteremia,fever,142,1
bacteremia,chill,142,2
bacteremia,flushing,142,3
bacteremia,unresponsiveness,142,4
bacteremia,indifferent mood,142,5
bacteremia,urinoma,142,6
bacteremia,vomiting,142,7
bacteremia,distended abdomen,142,8
bacteremia,hypoalbuminemia,142,9
bacteremia,pustule,142,10
bacteremia,prostatism,142,11
bacteremia,diarrhea,142,12
bacteremia,abdominal tenderness,142,13
bacteremia,pleuritic pain,142,14
bacteremia,decreased translucency,142,15
bacteremia,pallor,142,16
failure kidney,orthopnea,140,1
failure kidney,oliguria,140,2
failure kidney,slowing of urinary stream,140,3
failure kidney,extreme exhaustion,140,4
failure kidney,unresponsiveness,140,5
failure kidney,hypotension,140,6
failure kidney,enuresis,140,7
failure kidney,shortness of breath,140,8
failure kidney,haemorrhage,140,9
failure kidney,prostatism,140,10
failure kidney,no status change,140,11
failure kidney,bedridden,140,12
failure kidney,fatigue,140,13
sickle cell anemia,breakthrough pain,140,1
sickle cell anemia,pain back,140,2
sickle cell anemia,pain,140,3
sickle cell anemia,shortness of breath,140,4
sickle cell anemia,snuffle,140,5
sickle cell anemia,pain chest,140,6
sickle cell anemia,pain abdominal,140,7
sickle cell anemia,hepatosplenomegaly,140,8
sickle cell anemia,green sputum,140,9
sickle cell anemia,apyrexial,140,10
sickle cell anemia,headache,140,11
failure heart,orthopnea,138,1
failure heart,fatigue,138,2
failure heart,dyspnea on exertion,138,3
failure heart,dyspnea,138,4
failure heart,shortness of breath,138,5
failure heart,pansystolic murmur,138,6
failure heart,jugular venous distention,138,7
failure heart,systolic ejection murmur,138,8
failure heart,hypotension,138,9
failure heart,angina pectoris,138,10
failure heart,hypokinesia,138,11
upper respiratory infection,cough,135,1
upper respiratory infection,throat sore,135,2
upper respiratory infection,wheezing,135,3
upper respiratory infection,shortness of breath,135,4
upper respiratory infection,labored breathing,135,5
upper respiratory infection,fever,135,6
upper respiratory infection,stuffy nose,135,7
upper respiratory infection,non-productive cough,135,8
upper respiratory infection,snuffle,135,9
upper respiratory infection,indifferent mood,135,10
upper respiratory infection,egophony,135,11
upper respiratory infection,barking cough,135,12
upper respiratory infection,polymyalgia,135,13
upper respiratory infection,pleuritic pain,135,14
upper respiratory infection,night sweat,135,15
upper respiratory infection,dyspnea,135,16
upper respiratory infection,productive cough,135,17
upper respiratory infection,decreased translucency,135,18
upper respiratory infection,rhonchus,135,19
upper respiratory infection,rapid shallow breathing,135,20
upper respiratory infection,apyrexial,135,21
upper respiratory infection,noisy respiration,135,22
upper respiratory infection,nasal discharge present,135,23
upper respiratory infection,emphysematous change,135,24
upper respiratory infection,frail,135,25
upper respiratory infection,cystic lesion,135,26
upper respiratory infection,symptom aggravating factors,135,27
upper respiratory infection,hemodynamically stable,135,28
hepatitis,ascites,133,1
hepatitis,spontaneous rupture of membranes,133,2
hepatitis,tachypnea,133,3
hepatitis,pain abdominal,133,4
hepatitis,pruritus,133,5
hepatitis,anorexia,133,6
hepatitis,transaminitis,133,7
hepatitis,projectile vomiting,133,8
hepatitis,chill,133,9
hepatitis,distress respiratory,133,10
hepatitis,fever,133,11
hepatitis,vomiting,133,12
hypertension pulmonary,shortness of breath,128,1
hypertension pulmonary,Stahli's line,128,2
hypertension pulmonary,heavy legs,128,3
hypertension pulmonary,breath sounds decreased,128,4
hypertension pulmonary,neck stiffness,128,5
hypertension pulmonary,dyspnea on exertion,128,6
hypertension pulmonary,cyanosis,128,7
hypertension pulmonary,hypotension,128,8
hypertension pulmonary,left atrial hypertrophy,128,9
deglutition disorder,paresthesia,126,1
deglutition disorder,titubation,126,2
deglutition disorder,dysarthria,126,3
deglutition disorder,painful swallowing,126,4
deglutition disorder,hoarseness,126,5
deglutition disorder,stridor,126,6
deglutition disorder,spasm,126,7
deglutition disorder,asthenia,126,8
deglutition disorder,dysdiadochokinesia,126,9
deglutition disorder,ataxia,126,10
deglutition disorder,achalasia,126,11
deglutition disorder,decreased body weight,126,12
deglutition disorder,stiffness,126,13
deglutition disorder,lesion,126,14
deglutition disorder,side pain,126,15
gout,hot flush,124,1
gout,pain,124,2
gout,redness,124,3
gout,swelling,124,4
gout,erythema,124,5
gout,emphysematous change,124,6
gout,sore to touch,124,7
gout,hypokinesia,124,8
gout,ascites,124,9
gout,patient non compliance,124,10
thrombocytopaenia,ecchymosis,123,1
thrombocytopaenia,monocytosis,123,2
thrombocytopaenia,posterior rhinorrhea,123,3
thrombocytopaenia,haemorrhage,123,4
thrombocytopaenia,tachypnea,123,5
thrombocytopaenia,fever,123,6
thrombocytopaenia,pruritus,123,7
thrombocytopaenia,hypotension,123,8
thrombocytopaenia,fatigue,123,9
hypoglycemia,unresponsiveness,122,1
hypoglycemia,"hypothermia, natural",122,2
hypoglycemia,incoherent,122,3
hypoglycemia,qt interval prolonged,122,4
hypoglycemia,claudication,122,5
hypoglycemia,unconscious state,122,6
hypoglycemia,clammy skin,122,7
hypoglycemia,polyuria,122,8
hypoglycemia,distress respiratory,122,9
hypoglycemia,hypotension,122,10
pneumonia aspiration,mediastinal shift,119,1
pneumonia aspiration,fever,119,2
pneumonia aspiration,clonus,119,3
pneumonia aspiration,mental status changes,119,4
pneumonia aspiration,decreased translucency,119,5
pneumonia aspiration,unresponsiveness,119,6
pneumonia aspiration,extreme exhaustion,119,7
pneumonia aspiration,stupor,119,8
pneumonia aspiration,seizure,119,9
pneumonia aspiration,transaminitis,119,10
pneumonia aspiration,hemiplegia,119,11
pneumonia aspiration,cough,119,12
pneumonia aspiration,gurgle,119,13
pneumonia aspiration,pain,119,14
pneumonia aspiration,diarrhea,119,15
pneumonia aspiration,pain abdominal,119,16
colitis,fever,114,1
colitis,thicken,114,2
colitis,green sputum,114,3
colitis,vomiting,114,4
colitis,nausea and vomiting,114,5
colitis,awakening early,114,6
colitis,pain,114,7
colitis,nausea,114,8
colitis,chill,114,9
colitis,tenesmus,114,10
colitis,urge incontinence,114,11
colitis,pain abdominal,114,12
colitis,hemodynamically stable,114,13
diverticulosis,fecaluria,114,1
diverticulosis,constipation,114,2
diverticulosis,abscess bacterial,114,3
diverticulosis,heme positive,114,4
diverticulosis,lightheadedness,114,5
diverticulosis,diarrhea,114,6
diverticulosis,haemorrhage,114,7
diverticulosis,pain,114,8
diverticulosis,projectile vomiting,114,9
diverticulosis,pneumatouria,114,10
diverticulosis,cystic lesion,114,11
diverticulosis,anorexia,114,12
diverticulosis,nausea,114,13
diverticulosis,feeling suicidal,114,14
diverticulosis,feeling hopeless,114,15
suicide attempt,hallucinations auditory,114,1
suicide attempt,sleeplessness,114,2
suicide attempt,suicidal,114,3
suicide attempt,motor retardation,114,4
suicide attempt,weepiness,114,5
suicide attempt,unable to concentrate,114,6
suicide attempt,todd paralysis,114,7
suicide attempt,worry,114,8
suicide attempt,fatigue,114,9
suicide attempt,tremor,114,10
suicide attempt,alcoholic withdrawal symptoms,114,11
suicide attempt,agitation,114,12
suicide attempt,unresponsiveness,114,13
suicide attempt,blackout,114,14
suicide attempt,withdraw,114,15
suicide attempt,difficulty,114,16
suicide attempt,irritable mood,114,17
suicide attempt,sensory discomfort,114,18
suicide attempt,drowsiness,114,19
suicide attempt,formication,114,20
suicide attempt,unconscious state,114,21
suicide attempt,fever,114,22
suicide attempt,cough,114,23
Pneumocystis carinii pneumonia,yellow sputum,113,1
Pneumocystis carinii pneumonia,cachexia,113,2
Pneumocystis carinii pneumonia,chill,113,3
Pneumocystis carinii pneumonia,decreased body weight,113,4
Pneumocystis carinii pneumonia,productive cough,113,5
Pneumocystis carinii pneumonia,myalgia,113,6
Pneumocystis carinii pneumonia,diarrhea,113,7
Pneumocystis carinii pneumonia,neck stiffness,113,8
Pneumocystis carinii pneumonia,hacking cough,113,9
Pneumocystis carinii pneumonia,dyspareunia,113,10
Pneumocystis carinii pneumonia,hypokalemia,113,11
Pneumocystis carinii pneumonia,dyspnea on exertion,113,12
Pneumocystis carinii pneumonia,poor dentition,113,13
Pneumocystis carinii pneumonia,transaminitis,113,14
Pneumocystis carinii pneumonia,non-productive cough,113,15
Pneumocystis carinii pneumonia,headache,113,16
Pneumocystis carinii pneumonia,floppy,113,17
Pneumocystis carinii pneumonia,spontaneous rupture of membranes,113,18
hepatitis B,inappropriate affect,111,1
hepatitis B,tachypnea,111,2
hepatitis B,yellow sputum,111,3
hepatitis B,projectile vomiting,111,4
hepatitis B,poor feeding,111,5
hepatitis B,pain abdominal,111,6
hepatitis B,abdominal tenderness,111,7
hepatitis B,wheelchair bound,111,8
hepatitis B,moan,111,9
parkinson disease,achalasia,108,1
parkinson disease,fall,108,2
parkinson disease,stiffness,108,3
parkinson disease,withdraw,108,4
parkinson disease,agitation,108,5
parkinson disease,hemiplegia,108,6
parkinson disease,difficulty,108,7
parkinson disease,unresponsiveness,108,8
parkinson disease,syncope,108,9
parkinson disease,facial paresis,108,10
parkinson disease,orthostasis,108,11
parkinson disease,worry,108,12
parkinson disease,sleepy,108,13
parkinson disease,hematuria,108,14
parkinson disease,tremor,108,15
parkinson disease,night sweat,108,16
parkinson disease,mass of body structure,108,17
lymphoma,lesion,105,1
lymphoma,fever,105,2
lymphoma,welt,105,3
lymphoma,transaminitis,105,4
lymphoma,decreased body weight,105,5
lymphoma,ataxia,105,6
lymphoma,tinnitus,105,7
lymphoma,hydropneumothorax,105,8
lymphoma,superimposition,105,9
lymphoma,haemoptysis,105,10
lymphoma,tired,105,11
lymphoma,polydypsia,105,12
lymphoma,difficulty passing urine,105,13
hyperglycemia,sore to touch,104,1
hyperglycemia,pruritus,104,2
hyperglycemia,feeling strange,104,3
hyperglycemia,pustule,104,4
hyperglycemia,cushingoid habitus,104,5
hyperglycemia,decreased body weight,104,6
hyperglycemia,mood depressed,104,7
hyperglycemia,estrogen use,104,8
hyperglycemia,wheezing,104,9
hyperglycemia,ascites,104,10
hyperglycemia,seizure,104,11
encephalopathy,uncoordination,103,1
encephalopathy,asterixis,103,2
encephalopathy,haemorrhage,103,3
encephalopathy,sleepy,103,4
encephalopathy,absences finding,103,5
encephalopathy,posturing,103,6
encephalopathy,aura,103,7
encephalopathy,tonic seizures,103,8
encephalopathy,debilitation,103,9
encephalopathy,consciousness clear,103,10
encephalopathy,unresponsiveness,103,11
encephalopathy,thicken,103,12
encephalopathy,hypokinesia,103,13
tricuspid valve insufficiency,shortness of breath,101,1
tricuspid valve insufficiency,pain,101,2
tricuspid valve insufficiency,vomiting,101,3
tricuspid valve insufficiency,nausea,101,4
tricuspid valve insufficiency,bradycardia,101,5
tricuspid valve insufficiency,pain abdominal,101,6
tricuspid valve insufficiency,fever,101,7
tricuspid valve insufficiency,cicatrisation,101,8
tricuspid valve insufficiency,mediastinal shift,101,9
tricuspid valve insufficiency,impaired cognition,101,10
Alzheimer's disease,drool,101,1
Alzheimer's disease,agitation,101,2
Alzheimer's disease,nightmare,101,3
Alzheimer's disease,rhonchus,101,4
Alzheimer's disease,consciousness clear,101,5
Alzheimer's disease,pin-point pupils,101,6
Alzheimer's disease,bedridden,101,7
Alzheimer's disease,frail,101,8
Alzheimer's disease,tremor resting,101,9
Alzheimer's disease,hyperkalemia,101,10
Alzheimer's disease,facial paresis,101,11
Alzheimer's disease,groggy,101,12
Alzheimer's disease,muscle twitch,101,13
Alzheimer's disease,wheelchair bound,101,14
Alzheimer's disease,tremor,101,15
Alzheimer's disease,cough,101,16
Alzheimer's disease,fever,101,17
oral candidiasis,diarrhea,99,1
oral candidiasis,throat sore,99,2
oral candidiasis,decreased body weight,99,3
oral candidiasis,chill,99,4
oral candidiasis,headache,99,5
oral candidiasis,abdominal tenderness,99,6
oral candidiasis,patient non compliance,99,7
oral candidiasis,photophobia,99,8
oral candidiasis,night sweat,99,9
oral candidiasis,painful swallowing,99,10
oral candidiasis,poor dentition,99,11
oral candidiasis,transaminitis,99,12
oral candidiasis,non-productive cough,99,13
oral candidiasis,adverse effect,99,14
oral candidiasis,abdominal bloating,99,15
neuropathy,asthenia,99,1
neuropathy,numbness,99,2
neuropathy,nausea and vomiting,99,3
neuropathy,awakening early,99,4
neuropathy,hydropneumothorax,99,5
neuropathy,superimposition,99,6
neuropathy,fatigability,99,7
neuropathy,tenesmus,99,8
neuropathy,pain,99,9
neuropathy,slowing of urinary stream,99,10
kidney disease,shortness of breath,96,1
kidney disease,hyperkalemia,96,2
kidney disease,pain chest,96,3
kidney disease,fever,96,4
kidney disease,gravida 0,96,5
kidney disease,bleeding of vagina,96,6
fibroid tumor,para 2,96,1
fibroid tumor,haemorrhage,96,2
fibroid tumor,abortion,96,3
fibroid tumor,intermenstrual heavy bleeding,96,4
fibroid tumor,hypotonic,96,5
fibroid tumor,previous pregnancies 2,96,6
fibroid tumor,shortness of breath,96,7
fibroid tumor,fever,96,8
fibroid tumor,heartburn,96,9
fibroid tumor,primigravida,96,10
fibroid tumor,abnormally hard consistency,96,11
fibroid tumor,proteinemia,96,12
glaucoma,fall,95,1
glaucoma,distended abdomen,95,2
glaucoma,unsteady gait,95,3
glaucoma,paresthesia,95,4
glaucoma,hyponatremia,95,5
glaucoma,agitation,95,6
glaucoma,unconscious state,95,7
glaucoma,burning sensation,95,8
glaucoma,lesion,95,9
glaucoma,mass of body structure,95,10
neoplasm metastasis,thicken,94,1
neoplasm metastasis,tumor cell invasion,94,2
neoplasm metastasis,metastatic lesion,94,3
neoplasm metastasis,pain neck,94,4
neoplasm metastasis,lung nodule,94,5
neoplasm metastasis,pain,94,6
neoplasm metastasis,pain abdominal,94,7
neoplasm metastasis,food intolerance,94,8
neoplasm metastasis,mass of body structure,94,9
neoplasm metastasis,atypia,94,10
carcinoma colon,lesion,94,1
carcinoma colon,prostatism,94,2
carcinoma colon,constipation,94,3
carcinoma colon,general discomfort,94,4
carcinoma colon,diarrhea,94,5
carcinoma colon,pain abdominal,94,6
carcinoma colon,urinary hesitation,94,7
carcinoma colon,dizzy spells,94,8
carcinoma colon,shooting pain,94,9
carcinoma colon,bradycardia,94,10
carcinoma colon,vomiting,94,11
carcinoma colon,systolic ejection murmur,94,12
carcinoma colon,nausea,94,13
carcinoma colon,hyperemesis,94,14
carcinoma colon,polydypsia,94,15
ketoacidosis diabetic,polyuria,93,1
ketoacidosis diabetic,vomiting,93,2
ketoacidosis diabetic,nausea,93,3
ketoacidosis diabetic,pain abdominal,93,4
ketoacidosis diabetic,milky,93,5
ketoacidosis diabetic,feeling strange,93,6
ketoacidosis diabetic,gurgle,93,7
ketoacidosis diabetic,nervousness,93,8
ketoacidosis diabetic,abdominal tenderness,93,9
ketoacidosis diabetic,regurgitates after swallowing,93,10
ketoacidosis diabetic,vision blurred,93,11
ketoacidosis diabetic,urinary hesitation,93,12
ketoacidosis diabetic,diarrhea,93,13
ketoacidosis diabetic,seizure,93,14
ketoacidosis diabetic,aura,93,15
tonic-clonic seizures,drowsiness,92,1
tonic-clonic seizures,lip smacking,92,2
tonic-clonic seizures,myoclonus,92,3
tonic-clonic seizures,tremor,92,4
tonic-clonic seizures,phonophobia,92,5
tonic-clonic seizures,rolling of eyes,92,6
tonic-clonic seizures,sleepy,92,7
tonic-clonic seizures,hirsutism,92,8
tonic-clonic seizures,moody,92,9
tonic-clonic seizures,muscle twitch,92,10
tonic-clonic seizures,unresponsiveness,92,11
tonic-clonic seizures,headache,92,12
tonic-clonic seizures,ambidexterity,92,13
tonic-clonic seizures,absences finding,92,14
tonic-clonic seizures,spasm,92,15
tonic-clonic seizures,decreased body weight,92,16
tonic-clonic seizures,tumor cell invasion,92,17
malignant neoplasms,pulsus paradoxus,90,1
malignant neoplasms,gravida 10,90,2
malignant neoplasms,mass of body structure,90,3
malignant neoplasms,lesion,90,4
malignant neoplasms,heartburn,90,5
malignant neoplasms,night sweat,90,6
malignant neoplasms,thicken,90,7
malignant neoplasms,chill,90,8
malignant neoplasms,decreased translucency,90,9
malignant neoplasms,pain abdominal,90,10
malignant neoplasms,dullness,90,11
malignant neoplasms,food intolerance,90,12
malignant neoplasms,distress respiratory,90,13
malignant neoplasms,hypotension,90,14
respiratory failure,hemiplegia,90,1
respiratory failure,snore,90,2
respiratory failure,unresponsiveness,90,3
respiratory failure,productive cough,90,4
respiratory failure,dyspnea,90,5
respiratory failure,tachypnea,90,6
respiratory failure,hyperkalemia,90,7
respiratory failure,hypokinesia,90,8
respiratory failure,sinus rhythm,90,9
respiratory failure,general unsteadiness,90,10
respiratory failure,bruit,90,11
respiratory failure,consciousness clear,90,12
respiratory failure,shortness of breath,90,13
respiratory failure,lesion,90,14
respiratory failure,redness,90,15
melanoma,mass of body structure,87,1
melanoma,paraparesis,87,2
melanoma,fever,87,3
melanoma,gravida 0,87,4
melanoma,pain,87,5
melanoma,pruritus,87,6
melanoma,mass in breast,87,7
melanoma,vomiting,87,8
melanoma,diarrhea,87,9
gastroenteritis,pain abdominal,87,1
gastroenteritis,breath-holding spell,87,2
gastroenteritis,nausea,87,3
gastroenteritis,decreased body weight,87,4
gastroenteritis,sore to touch,87,5
gastroenteritis,scleral icterus,87,6
gastroenteritis,fever,87,7
gastroenteritis,myalgia,87,8
gastroenteritis,hyponatremia,87,9
gastroenteritis,retch,87,10
gastroenteritis,mass of body structure,87,11
gastroenteritis,decreased body weight,87,12
carcinoma of lung,lesion,86,1
carcinoma of lung,cough,86,2
carcinoma of lung,lung nodule,86,3
carcinoma of lung,shortness of breath,86,4
carcinoma of lung,haemoptysis,86,5
carcinoma of lung,debilitation,86,6
carcinoma of lung,gurgle,86,7
carcinoma of lung,ache,86,8
carcinoma of lung,rale,86,9
carcinoma of lung,night sweat,86,10
carcinoma of lung,decreased translucency,86,11
carcinoma of lung,asthenia,86,12
carcinoma of lung,metastatic lesion,86,13
carcinoma of lung,agitation,86,14
carcinoma of lung,irritable mood,86,15
manic disorder,energy increased,85,1
manic disorder,suicidal,85,2
manic disorder,hypersomnia,85,3
manic disorder,feeling suicidal,85,4
manic disorder,blanch,85,5
manic disorder,hallucinations auditory,85,6
manic disorder,hallucinations visual,85,7
manic disorder,elation,85,8
manic disorder,verbal auditory hallucinations,85,9
manic disorder,feeling hopeless,85,10
manic disorder,difficulty,85,11
manic disorder,decompensation,85,12
manic disorder,verbally abusive behavior,85,13
manic disorder,suicidal,85,14
manic disorder,feeling suicidal,85,15
personality disorder,nightmare,84,1
personality disorder,feeling hopeless,84,2
personality disorder,transsexual,84,3
personality disorder,hallucinations auditory,84,4
personality disorder,irritable mood,84,5
personality disorder,sleeplessness,84,6
personality disorder,agitation,84,7
personality disorder,weepiness,84,8
personality disorder,mood depressed,84,9
personality disorder,scratch marks,84,10
personality disorder,nausea and vomiting,84,11
personality disorder,extreme exhaustion,84,12
personality disorder,side pain,84,13
personality disorder,worry,84,14
personality disorder,enuresis,84,15
personality disorder,homelessness,84,16
personality disorder,nervousness,84,17
personality disorder,ascites,84,18
personality disorder,pruritus,84,19
primary carcinoma of the liver cells,mass of body structure,82,1
primary carcinoma of the liver cells,splenomegaly,82,2
primary carcinoma of the liver cells,lesion,82,3
primary carcinoma of the liver cells,paresis,82,4
primary carcinoma of the liver cells,tumor cell invasion,82,5
primary carcinoma of the liver cells,room spinning,82,6
primary carcinoma of the liver cells,haemorrhage,82,7
primary carcinoma of the liver cells,thicken,82,8
primary carcinoma of the liver cells,indifferent mood,82,9
primary carcinoma of the liver cells,cachexia,82,10
primary carcinoma of the liver cells,"hypothermia, natural",82,11
primary carcinoma of the liver cells,pain abdominal,82,12
primary carcinoma of the liver cells,hepatomegaly,82,13
primary carcinoma of the liver cells,hematocrit decreased,82,14
primary carcinoma of the liver cells,stupor,82,15
primary carcinoma of the liver cells,decreased body weight,82,16
primary carcinoma of the liver cells,shortness of breath,82,17
primary carcinoma of the liver cells,cough,82,18
emphysema pulmonary,behavior showing increased motor activity,80,1
emphysema pulmonary,scar tissue,80,2
emphysema pulmonary,dyspnea on exertion,80,3
emphysema pulmonary,coordination abnormal,80,4
emphysema pulmonary,myalgia,80,5
emphysema pulmonary,hypercapnia,80,6
emphysema pulmonary,clammy skin,80,7
emphysema pulmonary,has religious belief,80,8
emphysema pulmonary,room spinning,80,9
emphysema pulmonary,moan,80,10
emphysema pulmonary,night sweat,80,11
emphysema pulmonary,cachexia,80,12
emphysema pulmonary,symptom aggravating factors,80,13
emphysema pulmonary,dyspnea,80,14
emphysema pulmonary,rale,80,15
emphysema pulmonary,flushing,80,16
emphysema pulmonary,painful swallowing,80,17
emphysema pulmonary,arthralgia,80,18
emphysema pulmonary,choke,80,19
emphysema pulmonary,tenesmus,80,20
emphysema pulmonary,constipation,80,21
hemorrhoids,haemorrhage,80,1
hemorrhoids,bowel sounds decreased,80,2
hemorrhoids,decreased stool caliber,80,3
hemorrhoids,nausea and vomiting,80,4
hemorrhoids,hunger,80,5
hemorrhoids,diarrhea,80,6
hemorrhoids,dizziness,80,7
hemorrhoids,hyponatremia,80,8
hemorrhoids,clonus,80,9
hemorrhoids,pain,80,10
hemorrhoids,achalasia,80,11
hemorrhoids,burning sensation,80,12
hemorrhoids,guaiac positive,80,13
hemorrhoids,numbness of hand,80,14
hemorrhoids,wheezing,80,15
hemorrhoids,cough,80,16
spasm bronchial,shortness of breath,76,1
spasm bronchial,scar tissue,76,2
spasm bronchial,apyrexial,76,3
spasm bronchial,no known drug allergies,76,4
spasm bronchial,pain,76,5
spasm bronchial,productive cough,76,6
spasm bronchial,throat sore,76,7
spasm bronchial,dyspnea,76,8
spasm bronchial,chest tightness,76,9
spasm bronchial,hypoxemia,76,10
spasm bronchial,tachypnea,76,11
spasm bronchial,sensory discomfort,76,12
spasm bronchial,fever,76,13
spasm bronchial,vomiting,76,14
spasm bronchial,rhonchus,76,15
spasm bronchial,hemiplegia,76,16
spasm bronchial,fremitus,76,17
aphasia,clonus,76,1
aphasia,egophony,76,2
aphasia,facial paresis,76,3
aphasia,aphagia,76,4
aphasia,muscle twitch,76,5
aphasia,paralyse,76,6
aphasia,low back pain,76,7
aphasia,charleyhorse,76,8
obesity morbid,out of breath,76,1
obesity morbid,sedentary,76,2
obesity morbid,angina pectoris,76,3
obesity morbid,cough,76,4
obesity morbid,unhappy,76,5
obesity morbid,labored breathing,76,6
obesity morbid,"hypothermia, natural",76,7
obesity morbid,dyspnea,76,8
obesity morbid,hematocrit decreased,76,9
obesity morbid,wheezing,76,10
obesity morbid,hypoxemia,76,11
obesity morbid,renal angle tenderness,76,12
obesity morbid,feels hot/feverish,76,13
pyelonephritis,fever,74,1
pyelonephritis,pain,74,2
pyelonephritis,urgency of micturition,74,3
pyelonephritis,hematuria,74,4
pyelonephritis,vomiting,74,5
pyelonephritis,chill,74,6
pyelonephritis,diarrhea,74,7
pyelonephritis,nausea,74,8
pyelonephritis,pain abdominal,74,9
pyelonephritis,myalgia,74,10
pyelonephritis,fever,74,11
pyelonephritis,chill,74,12
endocarditis,pleuritic pain,71,1
endocarditis,thicken,71,2
endocarditis,myalgia,71,3
endocarditis,apyrexial,71,4
endocarditis,night sweat,71,5
endocarditis,flare,71,6
endocarditis,shortness of breath,71,7
endocarditis,orthopnea,71,8
endocarditis,abscess bacterial,71,9
endocarditis,hypotension,71,10
endocarditis,cough,71,11
endocarditis,metastatic lesion,71,12
endocarditis,breath sounds decreased,71,13
endocarditis,decreased body weight,71,14
endocarditis,pulsus paradoxus,71,15
endocarditis,hypokinesia,71,16
pericardial effusion body substance,pericardial friction rub,71,1
pericardial effusion body substance,dyspnea,71,2
pericardial effusion body substance,shortness of breath,71,3
pericardial effusion body substance,hemodynamically stable,71,4
pericardial effusion body substance,cardiomegaly,71,5
pericardial effusion body substance,hypotension,71,6
pericardial effusion body substance,sputum purulent,71,7
pericardial effusion body substance,facial paresis,71,8
pericardial effusion body substance,pain,71,9
pericardial effusion body substance,oliguria,71,10
pericardial effusion body substance,blackout,71,11
pericardial effusion body substance,intoxication,71,12
chronic alcoholic intoxication,tremor,70,1
chronic alcoholic intoxication,hallucinations auditory,70,2
chronic alcoholic intoxication,suicidal,70,3
chronic alcoholic intoxication,hoard,70,4
chronic alcoholic intoxication,irritable mood,70,5
chronic alcoholic intoxication,feeling hopeless,70,6
chronic alcoholic intoxication,feeling suicidal,70,7
chronic alcoholic intoxication,neologism,70,8
chronic alcoholic intoxication,seizure,70,9
chronic alcoholic intoxication,homelessness,70,10
chronic alcoholic intoxication,sleeplessness,70,11
chronic alcoholic intoxication,unconscious state,70,12
chronic alcoholic intoxication,panic,70,13
chronic alcoholic intoxication,breath sounds decreased,70,14
chronic alcoholic intoxication,shortness of breath,70,15
pneumothorax,dyspnea,68,1
pneumothorax,cardiovascular event,68,2
pneumothorax,haemoptysis,68,3
pneumothorax,cough,68,4
pneumothorax,hypercapnia,68,5
pneumothorax,soft tissue swelling,68,6
pneumothorax,prostatism,68,7
pneumothorax,agitation,68,8
delirium,unsteady gait,68,1
delirium,withdraw,68,2
delirium,hyponatremia,68,3
delirium,verbally abusive behavior,68,4
delirium,feeling suicidal,68,5
delirium,unresponsiveness,68,6
delirium,worry,68,7
delirium,sleepy,68,8
delirium,hallucinations auditory,68,9
delirium,suicidal,68,10
delirium,fever,68,11
delirium,diarrhea,68,12
neutropenia,transaminitis,68,1
neutropenia,splenomegaly,68,2
neutropenia,night sweat,68,3
neutropenia,apyrexial,68,4
neutropenia,lesion,68,5
neutropenia,snuffle,68,6
neutropenia,chill,68,7
neutropenia,cough,68,8
neutropenia,monoclonal,68,9
neutropenia,hypocalcemia result,68,10
neutropenia,oliguria,68,11
neutropenia,rhd positive,68,12
neutropenia,distress respiratory,68,13
hyperbilirubinemia,cyanosis,68,1
hyperbilirubinemia,tachypnea,68,2
hyperbilirubinemia,para 1,68,3
hyperbilirubinemia,bradycardia,68,4
hyperbilirubinemia,breech presentation,68,5
hyperbilirubinemia,cushingoid habitus,68,6
hyperbilirubinemia,cough,68,7
hyperbilirubinemia,myalgia,68,8
influenza,uncoordination,68,1
influenza,fever,68,2
influenza,pleuritic pain,68,3
influenza,snuffle,68,4
influenza,throat sore,68,5
influenza,malaise,68,6
influenza,debilitation,68,7
influenza,symptom aggravating factors,68,8
influenza,chill,68,9
influenza,scleral icterus,68,10
influenza,nasal flaring,68,11
influenza,dysuria,68,12
influenza,lip smacking,68,13
influenza,headache,68,14
influenza,sneeze,68,15
influenza,snore,68,16
influenza,green sputum,68,17
influenza,shortness of breath,68,18
influenza,distress respiratory,68,19
influenza,blackout,68,20
influenza,extreme exhaustion,68,21
dependence,intoxication,67,1
dependence,tremor,67,2
dependence,agitation,67,3
dependence,suicidal,67,4
dependence,homelessness,67,5
dependence,prostatism,67,6
dependence,lethargy,67,7
dependence,seizure,67,8
dependence,muscle twitch,67,9
dependence,stuffy nose,67,10
dependence,feeling hopeless,67,11
dependence,heavy legs,67,12
dependence,rale,67,13
thrombus,hypokinesia,67,1
thrombus,anorexia,67,2
thrombus,hypertonicity,67,3
thrombus,shortness of breath,67,4
thrombus,hypoalbuminemia,67,5
thrombus,pruritus,67,6
thrombus,sore to touch,67,7
thrombus,hemodynamically stable,67,8
thrombus,facial paresis,67,9
thrombus,vomiting,67,10
thrombus,stool color yellow,67,11
cholecystitis,moan,66,1
cholecystitis,nausea,66,2
cholecystitis,pain abdominal,66,3
cholecystitis,Murphy's sign,66,4
cholecystitis,flatulence,66,5
cholecystitis,colic abdominal,66,6
cholecystitis,pain,66,7
cholecystitis,ascites,66,8
cholecystitis,diarrhea,66,9
cholecystitis,qt interval prolonged,66,10
cholecystitis,cardiovascular event,66,11
cholecystitis,groggy,66,12
cholecystitis,sinus rhythm,66,13
cholecystitis,gasping for breath,66,14
cholecystitis,constipation,66,15
cholecystitis,feces in rectum,66,16
cholecystitis,abnormally hard consistency,66,17
hernia hiatal,pain abdominal,61,1
hernia hiatal,fatigability,61,2
hernia hiatal,prodrome,61,3
hernia hiatal,vomiting,61,4
hernia hiatal,nausea,61,5
hernia hiatal,myalgia,61,6
hernia hiatal,hyponatremia,61,7
hernia hiatal,sore to touch,61,8
hernia hiatal,general discomfort,61,9
hernia hiatal,dyspnea on exertion,61,10
hernia hiatal,asterixis,61,11
hernia hiatal,guaiac positive,61,12
hernia hiatal,numbness of hand,61,13
hernia hiatal,headache,61,14
hernia hiatal,photophobia,61,15
migraine disorders,ambidexterity,61,1
migraine disorders,vomiting,61,2
migraine disorders,dizziness,61,3
migraine disorders,numbness,61,4
migraine disorders,nausea,61,5
migraine disorders,fever,61,6
migraine disorders,splenomegaly,61,7
pancytopenia,hypoproteinemia,61,1
pancytopenia,fatigue,61,2
pancytopenia,haemorrhage,61,3
pancytopenia,fatigability,61,4
pancytopenia,cushingoid habitus,61,5
pancytopenia,stool color yellow,61,6
pancytopenia,colic abdominal,61,7
biliary calculus,vomiting,61,1
biliary calculus,nausea,61,2
biliary calculus,pain abdominal,61,3
biliary calculus,pain,61,4
biliary calculus,cushingoid habitus,61,5
biliary calculus,ascites,61,6
biliary calculus,thicken,61,7
biliary calculus,sore to touch,61,8
biliary calculus,diarrhea,61,9
biliary calculus,apyrexial,61,10
biliary calculus,palpitation,61,11
tachycardia sinus,left atrial hypertrophy,56,1
tachycardia sinus,sweating increased,56,2
tachycardia sinus,alcohol binge episode,56,3
tachycardia sinus,pressure chest,56,4
tachycardia sinus,scar tissue,56,5
tachycardia sinus,cardiovascular event,56,6
tachycardia sinus,orthostasis,56,7
tachycardia sinus,shortness of breath,56,8
tachycardia sinus,t wave inverted,56,9
tachycardia sinus,vomiting,56,10
tachycardia sinus,pain abdominal,56,11
ileus,abscess bacterial,56,1
ileus,abdomen acute,56,2
ileus,air fluid level,56,3
ileus,catching breath,56,4
ileus,abdominal tenderness,56,5
ileus,nausea,56,6
ileus,sore to touch,56,7
ileus,flatulence,56,8
ileus,diarrhea,56,9
ileus,mass of body structure,56,10
ileus,apyrexial,56,11
ileus,constipation,56,12
ileus,thicken,56,13
ileus,gravida 0,56,14
ileus,pain abdominal,56,15
adhesion,flatulence,57,1
adhesion,pain,57,2
adhesion,large-for-dates fetus,57,3
adhesion,para 1,57,4
adhesion,vomiting,57,5
adhesion,lung nodule,57,6
adhesion,breech presentation,57,7
adhesion,shortness of breath,57,8
adhesion,decreased body weight,57,9
adhesion,immobile,57,10
adhesion,unsteady gait,57,11
adhesion,hallucinations visual,57,12
adhesion,feeling suicidal,57,13
delusion,loose associations,56,1
delusion,giddy mood,56,2
delusion,feeling hopeless,56,3
delusion,agitation,56,4
delusion,hallucinations auditory,56,5
delusion,irritable mood,56,6
delusion,sleeplessness,56,7
delusion,neologism,56,8
delusion,homicidal thoughts,56,9
delusion,disturbed family,56,10
delusion,worry,56,11
delusion,decompensation,56,12
delusion,verbally abusive behavior,56,13
delusion,catatonia,56,14
delusion,suicidal,56,15
delusion,terrify,56,16
delusion,blackout,56,17
delusion,weepiness,56,18
delusion,impaired cognition,56,19
delusion,irritable mood,56,20
delusion,agitation,56,21
affect labile,extreme exhaustion,45,1
affect labile,sleeplessness,45,2
affect labile,enuresis,45,3
affect labile,patient non compliance,45,4
affect labile,feeling hopeless,45,5
affect labile,hallucinations visual,45,6
affect labile,bedridden,45,7
affect labile,prostatism,45,8
decubitus ulcer,systolic murmur,42,1
decubitus ulcer,frail,42,2
decubitus ulcer,fever,42,3
